id,room_id,category,subcategory,date,photoUrl,description,cost,dateFixed
1,4,Dr. Dax Tremblay, (490) 626-3422,Armani_Kovacek@yahoo.com
2,5,Carter Dickens, (453) 202-4599,Elias.Kuvalis@yahoo.com
3,1,Anais Will PhD, (118) 442-8794,Dejon.Pouros47@gmail.com
4,3,Orlando Marvin, (012) 757-4821,Samson_Johnston86@gmail.com
5,3,Annette Kihn, (485) 430-5777,Joe_Johns18@yahoo.com
6,1,Aidan Reichert, (857) 625-0231,Annie.Turcotte77@yahoo.com
7,5,Miss Viola Hills, (023) 990-4933,Frederik92@hotmail.com
8,5,Olaf Watsica, (970) 229-7552,Ronny12@yahoo.com
9,5,Randall Rogahn IV, (196) 850-7852,Wilber_Considine@yahoo.com
10,1,Carley Barrows, (363) 859-2541,Aracely.Wehner@yahoo.com
