id,category_id,name,phone,email
1,5,Marlen Gutmann,(002) 296-6924,Ignatius40@hotmail.com
2,3,Mrs. Ervin Funk,(644) 414-2595,Natalia17@yahoo.com
3,5,Ms. Ernie Hamill,(902) 267-0955,Daryl58@gmail.com
4,2,Allen Hane,(984) 711-0576,Jedidiah23@yahoo.com
5,2,Tatum Casper,(123) 137-3286,Marlon76@hotmail.com
6,5,Chanel Schiller,(734) 117-5490,Marjory66@yahoo.com
7,2,Audra Bode,(307) 114-6432,Anastasia_Raynor@gmail.com
8,3,Arden Kulas,(026) 226-4509,Brain.Ledner@gmail.com
9,4,Bradley Dach,(861) 746-6517,Crystal86@gmail.com
10,2,Zack Paucek,(429) 963-7663,Hayley_Hoeger71@gmail.com
